Id,Name,Description,Date,Comment
1,Name 1,Description 1,5/25/2021,Comment 1
2,Name 2,Description 2,5/25/2021,Comment 2
3,Name 3,Description 3,5/25/2021,Comment 3
4,Name 4,Description 4,5/25/2021,Comment 4
5,Name 5,Description 5,5/25/2021,Comment 5
6,Name 6,Description 6,5/25/2021,Comment 6
7,Name 7,Description 7,5/25/2021,Comment 7
8,Name 8,Description 8,5/25/2021,Comment 8
9,Name 9,Description 9,5/25/2021,Comment 9
10,Name 10,Description 10,5/25/2021,Comment 10
11,Name 11,Description 11,5/25/2021,Comment 11
12,Name 12,Description 12,5/25/2021,Comment 12
13,Name 13,Description 13,5/25/2021,Comment 13
14,Name 14,Description 14,5/25/2021,Comment 14
